{
    "w_o_norm":{
        "TP": 3472,
        "FP": 814,
        "FN": 1097,
        "prec.": 0.8100793280447970,
        "rec.": 0.7599036988400087,
        "f1.": 0.7841044535801364
    },
    "w_o_pintra":{
        "TP": 3381,
        "FP": 1902,
        "FN": 1188,
        "prec.": 0.6399772856331629,
        "rec.": 0.7399868680236376,
        "f1.": 0.6863524512587544
    },
    "w_o_pinter":{
        "TP": 3472,
        "FP": 1710,
        "FN": 1097,
        "prec.": 0.6700115785411038,
        "rec.": 0.7599036988400087,
        "f1.": 0.7120775919200082
    },
    "w_o_abs":{
        "TP": 3518,
        "FP": 935,
        "FN": 1051,
        "prec.": 0.7900291938019312,
        "rec.": 0.7699715473845480,
        "f1.": 0.7798429774792217
    },
    "w_o_w":{
        "TP": 3610,
        "FP": 1335,
        "FN": 959,
        "prec.": 0.7300303336703741,
        "rec.": 0.7901072444736266,
        "f1.": 0.7589188006128255
    },
    "w_o_unxicoder":{
        "TP": 3655,
        "FP": 1642,
        "FN": 914,
        "prec.": 0.6900132150273739,
        "rec.": 0.7999562267454585,
        "f1.": 0.7408990556434448
    }
}