{
    "w_codebert":{
        "TP": 3792,
        "FP": 1332,
        "FN": 777,
        "prec.": 0.8299409061063690,
        "rec.": 0.7400468384074941,
        "f1.": 0.7824141957058208
    },
    "w_l1":{
        "TP": 3701,
        "FP": 1370,
        "FN": 868,
        "prec.": 0.8100240752899978,
        "rec.": 0.7298363241964109,
        "f1.": 0.7677498994793414
    }
}