{
    "MOVERY": {
        "TP": 438,
        "FP": 206,
        "FN": 375,
        "Pre.": 0.6801242236024845,
        "Rec.": 0.5387453874538746,
        "F1.": 0.6012354152367879
    },
    "FIRE": {
        "TP": 340,
        "FP": 137,
        "FN": 473,
        "Pre.": 0.7127882599580713,
        "Rec.": 0.4182041820418204,
        "F1.": 0.5271317829457364
    },
    "MVP": {
        "TP": 244,
        "FP": 170,
        "FN": 569,
        "Pre.": 0.5893719806763285,
        "Rec.": 0.3001230012300123,
        "F1.": 0.39771801140994295
    },
    "V1SCAN": {
        "TP": 255,
        "FP": 92,
        "FN": 558,
        "Pre.": 0.7348703170028819,
        "Rec.": 0.31365313653136534,
        "F1.": 0.43965517241379315
    },
    "VUDDY": {
        "TP": 287,
        "FP": 73,
        "FN": 526,
        "Pre.": 0.7972222222222223,
        "Rec.": 0.35301353013530135,
        "F1.": 0.48934356351236136
    },
    "AntMan": {
        "TP": 722,
        "FP": 137,
        "FN": 91,
        "Pre.": 0.840512223515716,
        "Rec.": 0.8880688806888068,
        "F1.": 0.8636363636363635
    }
}