{
    "SySeVR": {
        "TP": 106,
        "FP": 146,
        "FN": 707,
        "Pre.": 0.42063492063492064,
        "Rec.": 0.13038130381303814,
        "F1.": 0.18006103286384977
    },
    "AntMan": {
        "TP": 675,
        "FP": 348,
        "FN": 138,
        "Pre.": 0.6598240469208211,
        "Rec.": 0.8302583025830258,
        "F1.": 0.7342941176470588
    }
}