{
    "type1__split__S": {
        "TP": 759,
        "FP": 97,
        "FN": 160,
        "prec.": 0.8866822429906542,
        "rec.": 0.8258977149075082,
        "f1.": 0.8552112676056338
    },
    "type2__split__S": {
        "TP": 252,
        "FP": 19,
        "FN": 39,
        "prec.": 0.9298892988929889,
        "rec.": 0.865979381443299,
        "f1.": 0.896797153024911
    },
    "type34__split__S": {
        "TP": 1192,
        "FP": 186,
        "FN": 229,
        "prec.": 0.865021770682148,
        "rec.": 0.8388458831808585,
        "f1.": 0.8517327617006073
    },
    "type1__split__M": {
        "TP": 315,
        "FP": 85,
        "FN": 35,
        "prec.": 0.7875,
        "rec.": 0.9,
        "f1.": 0.84
    },
    "type2__split__M": {
        "TP": 99,
        "FP": 19,
        "FN": 16,
        "prec.": 0.8389830508474576,
        "rec.": 0.8608695652173913,
        "f1.": 0.849785407725322
    },
    "type34__split__M": {
        "TP": 1251,
        "FP": 314,
        "FN": 222,
        "prec.": 0.7993610223642172,
        "rec.": 0.8492871690427699,
        "f1.": 0.8235681369321922
    },
    "type1__split__all": {
        "TP": 1074,
        "FP": 182,
        "FN": 195,
        "prec.": 0.8550955414012739,
        "rec.": 0.8463356973995272,
        "f1.": 0.8506930693069307
    },
    "type2__split__all": {
        "TP": 351,
        "FP": 38,
        "FN": 55,
        "prec.": 0.9023136246786633,
        "rec.": 0.8645320197044335,
        "f1.": 0.8830188679245283
    },
    "type34__split__all": {
        "TP": 2443,
        "FP": 500,
        "FN": 451,
        "prec.": 0.8301053346924907,
        "rec.": 0.8441603317208016,
        "f1.": 0.8370738393010109
    },
    "all__split__S": {
        "TP": 2203,
        "FP": 302,
        "FN": 428,
        "prec.": 0.8794411177644711,
        "rec.": 0.8373242113264918,
        "f1.": 0.8578660436137071
    },
    "all__split__M": {
        "TP": 1665,
        "FP": 418,
        "FN": 273,
        "prec.": 0.799327892462794,
        "rec.": 0.8591331269349846,
        "f1.": 0.8281522009450386
    },
    "all__split__all": {
        "TP": 3868,
        "FP": 720,
        "FN": 701,
        "prec.": 0.8430688753269399,
        "rec.": 0.8465747428321295,
        "f1.": 0.844818171890357
    }
}