{
    "MVP": {
        "TP": 440,
        "FP": 665,
        "FN": 694,
        "Pre.": 0.3981900452488687,
        "Rec.": 0.3880070546737,
        "F1.": 0.3911406244491376
    },
    "VUDDY": {
        "TP": 435,
        "FP": 360,
        "FN": 699,
        "Pre.": 0.5443037974683544,
        "Rec.": 0.3791887125220459,
        "F1.": 0.4469854469854469
    },
    "AntMan": {
        "TP": 1015,
        "FP": 280,
        "FN": 119,
        "Pre.": 0.7837837837837837,
        "Rec.": 0.8950617283950,
        "F1.": 0.8357348703170335
    }
}