{
    "V1SCAN": {
        "type1__split__S": {
            "TP": 598,
            "FP": 189.0,
            "FN": 321,
            "prec.": 0.7598475222363406,
            "rec.": 0.6507072905331882,
            "f1.": 0.7010550996483
        },
        "type2__split__S": {
            "TP": 97,
            "FP": 8,
            "FN": 193,
            "prec.": 0.9238095238095239,
            "rec.": 0.33448275862068966,
            "f1.": 0.4911392405063291
        },
        "type34__split__S": {
            "TP": 105,
            "FP": 24.0,
            "FN": 1317,
            "prec.": 0.813953488372093,
            "rec.": 0.07383966244725738,
            "f1.": 0.13539651837524178
        },
        "type1__split__M": {
            "TP": 258,
            "FP": 129,
            "FN": 92,
            "prec.": 0.6666666666666666,
            "rec.": 0.7371428571428571,
            "f1.": 0.7001356852103121
        },
        "type2__split__M": {
            "TP": 58,
            "FP": 35.0,
            "FN": 57,
            "prec.": 0.6236559139784946,
            "rec.": 0.5043478260869565,
            "f1.": 0.5576923076923076
        },
        "type34__split__M": {
            "TP": 654,
            "FP": 198.0,
            "FN": 819,
            "prec.": 0.7676056338028169,
            "rec.": 0.4439918533604888,
            "f1.": 0.5625806451612902
        },
        "type1__split__all": {
            "TP": 856,
            "FP": 318.0,
            "FN": 413,
            "prec.": 0.7291311754684838,
            "rec.": 0.6745468873128447,
            "f1.": 0.7007777322963569
        },
        "type2__split__all": {
            "TP": 155,
            "FP": 43.0,
            "FN": 250,
            "prec.": 0.7828282828282829,
            "rec.": 0.38271604938271603,
            "f1.": 0.5140961857379768
        },
        "type34__split__all": {
            "TP": 759,
            "FP": 222.0,
            "FN": 2136,
            "prec.": 0.7737003058103975,
            "rec.": 0.2621761658031088,
            "f1.": 0.39164086687306504
        },
        "all__split__S": {
            "TP": 800,
            "FP": 221.0,
            "FN": 1831,
            "prec.": 0.7835455435847208,
            "rec.": 0.3040668947168377,
            "f1.": 0.4381161007667031
        },
        "all__split__M": {
            "TP": 970,
            "FP": 362.0,
            "FN": 968,
            "prec.": 0.7282282282282282,
            "rec.": 0.500515995872033,
            "f1.": 0.5932721712538226
        },
        "all__split__all": {
            "TP": 1770,
            "FP": 583.0,
            "FN": 2799,
            "prec.": 0.7522311942201445,
            "rec.": 0.38739330269205513,
            "f1.": 0.5114128864490032
        }
    },
    "FIRE": {
        "type1__split__S": {
            "TP": 559,
            "FP": 280.0,
            "FN": 360,
            "prec.": 0.66626936829559,
            "rec.": 0.6082698585418934,
            "f1.": 0.6359499431171787
        },
        "type2__split__S": {
            "TP": 126,
            "FP": 24.0,
            "FN": 164,
            "prec.": 0.84,
            "rec.": 0.43448275862068964,
            "f1.": 0.5727272727272726
        },
        "type34__split__S": {
            "TP": 548,
            "FP": 310,
            "FN": 874,
            "prec.": 0.6386946386946387,
            "rec.": 0.3853727144866385,
            "f1.": 0.48070175438596496
        },
        "type1__split__M": {
            "TP": 211,
            "FP": 142.0,
            "FN": 139,
            "prec.": 0.5977337110481586,
            "rec.": 0.6028571428571429,
            "f1.": 0.6002844950213371
        },
        "type2__split__M": {
            "TP": 68,
            "FP": 36,
            "FN": 47,
            "prec.": 0.6538461538461539,
            "rec.": 0.591304347826087,
            "f1.": 0.6210045662100457
        },
        "type34__split__M": {
            "TP": 845,
            "FP": 441,
            "FN": 628,
            "prec.": 0.6570762052877138,
            "rec.": 0.5736591989137814,
            "f1.": 0.6125407756433491
        },
        "type1__split__all": {
            "TP": 770,
            "FP": 422.0,
            "FN": 499,
            "prec.": 0.6459731543624161,
            "rec.": 0.6067769897557131,
            "f1.": 0.6257618854124339
        },
        "type2__split__all": {
            "TP": 194,
            "FP": 60.0,
            "FN": 211,
            "prec.": 0.7637795275590551,
            "rec.": 0.47901234567901235,
            "f1.": 0.5887708649468892
        },
        "type34__split__all": {
            "TP": 1393,
            "FP": 751,
            "FN": 1502,
            "prec.": 0.6497201492537313,
            "rec.": 0.48117443868739207,
            "f1.": 0.5528874776741417
        },
        "all__split__S": {
            "TP": 1233,
            "FP": 614.0,
            "FN": 1398,
            "prec.": 0.6675690308608554,
            "rec.": 0.46864310148232613,
            "f1.": 0.5506922733363109
        },
        "all__split__M": {
            "TP": 1124,
            "FP": 619.0,
            "FN": 814,
            "prec.": 0.6448651749856569,
            "rec.": 0.5799793601651186,
            "f1.": 0.6107036131486009
        },
        "all__split__all": {
            "TP": 2357,
            "FP": 1233.0,
            "FN": 2212,
            "prec.": 0.6565459610027855,
            "rec.": 0.5158678047712848,
            "f1.": 0.5777668831964702
        }
    },
    "MOVERY": {
        "type1__split__S": {
            "TP": 646,
            "FP": 407.0,
            "FN": 273,
            "prec.": 0.6134852801519468,
            "rec.": 0.7029379760609358,
            "f1.": 0.6551724137931034
        },
        "type2__split__S": {
            "TP": 146,
            "FP": 414,
            "FN": 144,
            "prec.": 0.26071428571428573,
            "rec.": 0.503448275862069,
            "f1.": 0.34352941176470586
        },
        "type34__split__S": {
            "TP": 698,
            "FP": 1276,
            "FN": 724,
            "prec.": 0.353596757852077,
            "rec.": 0.4908579465541491,
            "f1.": 0.4110718492343935
        },
        "type1__split__M": {
            "TP": 295,
            "FP": 237,
            "FN": 55,
            "prec.": 0.5545112781954887,
            "rec.": 0.8428571428571429,
            "f1.": 0.6689342403628118
        },
        "type2__split__M": {
            "TP": 83,
            "FP": 144,
            "FN": 32,
            "prec.": 0.3656387665198238,
            "rec.": 0.7217391304347827,
            "f1.": 0.4853801169590644
        },
        "type34__split__M": {
            "TP": 1159,
            "FP": 1240,
            "FN": 314,
            "prec.": 0.4831179658190913,
            "rec.": 0.7868295994568907,
            "f1.": 0.5986570247933884
        },
        "type1__split__all": {
            "TP": 941,
            "FP": 644.0,
            "FN": 328,
            "prec.": 0.5936908517350158,
            "rec.": 0.7415287628053585,
            "f1.": 0.6594253679046952
        },
        "type2__split__all": {
            "TP": 229,
            "FP": 558,
            "FN": 176,
            "prec.": 0.2909783989834816,
            "rec.": 0.5654320987654321,
            "f1.": 0.38422818791946306
        },
        "type34__split__all": {
            "TP": 1857,
            "FP": 2516,
            "FN": 1038,
            "prec.": 0.42465126915161217,
            "rec.": 0.6414507772020726,
            "f1.": 0.5110071546505228
        },
        "all__split__S": {
            "TP": 1490,
            "FP": 2097.0,
            "FN": 1141,
            "prec.": 0.41538890437691667,
            "rec.": 0.5663245914101103,
            "f1.": 0.47925377935027347
        },
        "all__split__M": {
            "TP": 1537,
            "FP": 1621,
            "FN": 401,